occ,occ1990dd,year
0,23,1950
1,187,1950
2,226,1950
3,43,1950
4,188,1950
5,199,1950
6,183,1950
7,73,1950
8,89,1950
9,176,1950
10,14,1950
12,154,1950
13,154,1950
14,154,1950
15,154,1950
16,154,1950
17,154,1950
18,154,1950
19,154,1950
23,154,1950
24,154,1950
25,154,1950
26,154,1950
27,154,1950
28,154,1950
29,154,1950
31,193,1950
32,85,1950
33,185,1950
34,97,1950
35,217,1950
36,195,1950
41,44,1950
42,48,1950
43,53,1950
44,55,1950
45,56,1950
46,57,1950
47,45,1950
48,47,1950
49,59,1950
51,194,1950
52,169,1950
53,79,1950
54,19,1950
55,178,1950
56,164,1950
57,186,1950
58,95,1950
59,95,1950
61,77,1950
62,78,1950
63,75,1950
67,68,1950
68,69,1950
69,76,1950
70,87,1950
71,84,1950
72,328,1950
73,96,1950
74,189,1950
75,84,1950
76,228,1950
77,466,1950
78,176,1950
79,174,1950
81,166,1950
82,167,1950
83,68,1950
84,169,1950
91,199,1950
92,218,1950
93,156,1950
94,203,1950
95,225,1950
96,235,1950
97,105,1950
98,86,1950
99,59,1950
100,473,1950
123,475,1950
200,29,1950
201,28,1950
203,823,1950
204,25,1950
205,243,1950
210,36,1950
230,18,1950
240,829,1950
250,4,1950
260,22,1950
270,22,1950
280,33,1950
290,22,1950
300,274,1950
301,329,1950
302,445,1950
304,464,1950
305,383,1950
310,337,1950
320,276,1950
321,378,1950
322,359,1950
325,356,1950
335,355,1950
340,357,1950
341,347,1950
342,364,1950
350,313,1950
360,357,1950
365,349,1950
370,348,1950
380,318,1950
390,389,1950
400,256,1950
410,274,1950
420,283,1950
430,274,1950
450,375,1950
460,277,1950
470,254,1950
480,255,1950
490,274,1950
500,687,1950
501,713,1950
502,679,1950
503,643,1950
504,563,1950
505,657,1950
510,567,1950
511,588,1950
512,736,1950
513,848,1950
514,283,1950
515,575,1950
520,734,1950
521,649,1950
522,853,1950
523,628,1950
524,713,1950
525,669,1950
530,589,1950
531,724,1950
532,496,1950
533,389,1950
534,535,1950
535,703,1950
540,527,1950
541,824,1950
542,824,1950
543,519,1950
544,637,1950
545,508,1950
550,505,1950
551,533,1950
552,523,1950
553,549,1950
554,549,1950
555,769,1950
560,544,1950
561,719,1950
562,467,1950
563,677,1950
564,579,1950
565,583,1950
570,645,1950
571,734,1950
572,535,1950
573,584,1950
574,585,1950
575,734,1950
580,707,1950
581,595,1950
582,745,1950
583,696,1950
584,709,1950
585,597,1950
590,666,1950
591,653,1950
592,634,1950
593,668,1950
594,684,1950
595,905,1950
600,505,1950
601,563,1950
602,567,1950
603,575,1950
604,637,1950
605,549,1950
610,585,1950
611,599,1950
612,653,1950
613,734,1950
614,549,1950
615,549,1950
620,593,1950
621,885,1950
622,615,1950
623,834,1950
624,825,1950
625,808,1950
630,218,1950
631,823,1950
632,804,1950
633,666,1950
634,756,1950
635,709,1950
640,488,1950
641,766,1950
642,766,1950
643,408,1950
644,686,1950
645,669,1950
650,616,1950
660,859,1950
661,824,1950
662,519,1950
670,779,1950
671,774,1950
672,695,1950
673,829,1950
674,727,1950
675,749,1950
680,766,1950
681,825,1950
682,809,1950
683,804,1950
684,739,1950
685,783,1950
690,779,1950
693,999,1950
700,405,1950
710,408,1950
720,469,1950
730,447,1950
731,469,1950
732,459,1950
740,458,1950
750,434,1950
751,405,1950
752,405,1950
753,405,1950
754,436,1950
760,444,1950
761,469,1950
762,417,1950
763,426,1950
764,405,1950
770,453,1950
771,423,1950
772,89,1950
773,418,1950
780,464,1950
781,207,1950
782,423,1950
783,462,1950
784,435,1950
785,425,1950
790,469,1950
810,479,1950
820,479,1950
830,479,1950
840,479,1950
910,498,1950
920,887,1950
930,451,1950
940,859,1950
950,496,1950
960,804,1950
970,889,1950
998,999,1950
999,999,1950
0,23,1960
10,187,1960
12,226,1960
13,43,1960
14,188,1960
15,199,1960
20,183,1960
21,73,1960
22,89,1960
23,176,1960
30,14,1960
31,154,1960
32,154,1960
34,154,1960
35,154,1960
40,154,1960
41,154,1960
42,154,1960
43,154,1960
45,154,1960
50,154,1960
51,154,1960
52,154,1960
53,154,1960
54,154,1960
60,154,1960
70,193,1960
71,85,1960
72,185,1960
73,97,1960
74,217,1960
75,195,1960
80,44,1960
81,48,1960
82,53,1960
83,55,1960
84,56,1960
85,57,1960
90,45,1960
91,47,1960
92,258,1960
93,59,1960
101,194,1960
102,169,1960
103,79,1960
104,19,1960
105,178,1960
111,164,1960
120,186,1960
130,77,1960
131,78,1960
134,75,1960
135,68,1960
140,69,1960
145,76,1960
150,95,1960
151,95,1960
152,87,1960
153,84,1960
154,328,1960
160,96,1960
161,189,1960
162,84,1960
163,13,1960
164,228,1960
165,466,1960
170,176,1960
171,174,1960
172,166,1960
173,167,1960
174,68,1960
175,169,1960
180,199,1960
181,218,1960
182,156,1960
183,157,1960
184,159,1960
185,203,1960
190,214,1960
191,225,1960
192,235,1960
193,105,1960
194,86,1960
195,59,1960
200,473,1960
222,475,1960
250,29,1960
251,28,1960
252,823,1960
253,25,1960
254,243,1960
260,36,1960
262,18,1960
265,829,1960
270,4,1960
275,22,1960
280,22,1960
285,33,1960
290,22,1960
301,274,1960
302,329,1960
303,445,1960
304,464,1960
305,383,1960
310,337,1960
312,276,1960
313,378,1960
314,359,1960
315,356,1960
320,335,1960
321,375,1960
323,355,1960
324,357,1960
325,347,1960
333,338,1960
340,354,1960
341,319,1960
342,313,1960
343,364,1960
345,313,1960
350,365,1960
351,357,1960
352,349,1960
353,348,1960
354,318,1960
360,315,1960
370,389,1960
380,256,1960
381,274,1960
382,283,1960
383,274,1960
385,253,1960
390,277,1960
393,254,1960
394,274,1960
395,255,1960
401,687,1960
402,713,1960
403,643,1960
404,679,1960
405,563,1960
410,657,1960
411,567,1960
413,588,1960
414,736,1960
415,848,1960
420,469,1960
421,575,1960
423,734,1960
424,649,1960
425,853,1960
430,628,1960
431,713,1960
432,669,1960
434,589,1960
435,724,1960
444,496,1960
450,389,1960
451,535,1960
452,703,1960
453,527,1960
454,824,1960
460,824,1960
461,519,1960
465,637,1960
470,534,1960
471,508,1960
472,505,1960
473,533,1960
474,523,1960
475,549,1960
480,549,1960
490,769,1960
491,544,1960
492,719,1960
493,467,1960
494,677,1960
495,579,1960
501,583,1960
502,645,1960
503,734,1960
504,535,1960
505,584,1960
510,585,1960
512,734,1960
513,707,1960
514,595,1960
515,745,1960
520,696,1960
521,709,1960
523,597,1960
524,666,1960
525,653,1960
530,634,1960
535,668,1960
545,684,1960
555,905,1960
601,505,1960
602,563,1960
603,567,1960
604,575,1960
605,637,1960
610,549,1960
612,585,1960
613,599,1960
614,653,1960
615,734,1960
620,549,1960
621,549,1960
630,593,1960
631,785,1960
632,885,1960
634,615,1960
635,834,1960
640,825,1960
641,808,1960
642,218,1960
643,799,1960
645,823,1960
650,804,1960
651,666,1960
652,756,1960
653,709,1960
654,488,1960
670,766,1960
671,799,1960
672,766,1960
673,739,1960
674,408,1960
675,686,1960
680,669,1960
685,616,1960
690,859,1960
691,824,1960
692,519,1960
693,754,1960
694,779,1960
695,774,1960
701,695,1960
703,829,1960
704,727,1960
705,669,1960
710,749,1960
712,766,1960
713,825,1960
714,809,1960
715,804,1960
720,739,1960
721,783,1960
775,779,1960
801,468,1960
802,405,1960
803,408,1960
804,469,1960
810,447,1960
812,469,1960
813,459,1960
814,457,1960
815,434,1960
820,405,1960
821,405,1960
823,405,1960
824,405,1960
825,436,1960
830,444,1960
831,469,1960
832,405,1960
834,453,1960
835,444,1960
840,89,1960
841,464,1960
842,207,1960
843,458,1960
850,417,1960
851,426,1960
852,423,1960
853,418,1960
854,423,1960
860,425,1960
874,462,1960
875,435,1960
890,469,1960
901,479,1960
902,479,1960
903,479,1960
905,479,1960
960,567,1960
962,498,1960
963,887,1960
964,451,1960
965,859,1960
970,496,1960
971,804,1960
972,804,1960
973,889,1960
985,889,1960
990,999,1960
995,999,1960
0,999,1970
1,23,1970
2,43,1970
3,229,1970
4,64,1970
5,64,1970
6,44,1970
10,48,1970
11,53,1970
12,55,1970
13,56,1970
14,57,1970
15,45,1970
20,59,1970
21,47,1970
22,258,1970
23,59,1970
24,169,1970
25,79,1970
26,169,1970
30,178,1970
31,178,1970
32,164,1970
33,165,1970
34,66,1970
35,68,1970
36,68,1970
42,77,1970
43,74,1970
44,78,1970
45,73,1970
51,75,1970
52,78,1970
53,69,1970
54,76,1970
55,65,1970
56,328,1970
61,89,1970
62,85,1970
63,87,1970
64,96,1970
65,84,1970
71,88,1970
72,86,1970
73,89,1970
74,97,1970
75,95,1970
76,105,1970
80,203,1970
81,204,1970
82,205,1970
83,206,1970
84,105,1970
85,208,1970
86,176,1970
90,176,1970
91,166,1970
92,169,1970
93,167,1970
94,169,1970
95,173,1970
96,169,1970
100,174,1970
101,466,1970
102,154,1970
103,154,1970
104,154,1970
105,154,1970
110,154,1970
111,154,1970
112,154,1970
113,154,1970
114,154,1970
115,154,1970
116,154,1970
120,154,1970
121,154,1970
122,154,1970
123,154,1970
124,154,1970
125,154,1970
126,154,1970
130,154,1970
131,154,1970
132,154,1970
133,154,1970
134,154,1970
135,154,1970
140,154,1970
141,159,1970
142,156,1970
143,155,1970
144,157,1970
145,159,1970
150,223,1970
151,224,1970
152,217,1970
153,214,1970
154,214,1970
155,214,1970
156,225,1970
161,218,1970
162,214,1970
163,226,1970
164,227,1970
165,235,1970
170,226,1970
171,228,1970
172,233,1970
173,235,1970
174,163,1970
175,187,1970
180,199,1970
181,183,1970
182,193,1970
183,185,1970
184,195,1970
185,186,1970
190,188,1970
191,189,1970
192,13,1970
193,198,1970
194,194,1970
195,22,1970
196,59,1970
201,22,1970
202,7,1970
203,28,1970
205,29,1970
210,7,1970
211,19,1970
212,15,1970
213,35,1970
215,36,1970
216,18,1970
220,22,1970
221,829,1970
222,22,1970
223,22,1970
224,22,1970
225,33,1970
226,823,1970
230,22,1970
231,13,1970
233,13,1970
235,14,1970
240,14,1970
245,22,1970
246,22,1970
260,256,1970
261,274,1970
262,283,1970
264,277,1970
265,253,1970
266,277,1970
270,254,1970
271,255,1970
280,274,1970
281,274,1970
282,274,1970
283,275,1970
284,275,1970
285,274,1970
296,274,1970
301,383,1970
303,344,1970
305,337,1970
310,276,1970
311,389,1970
312,303,1970
313,378,1970
314,275,1970
315,359,1970
320,316,1970
321,376,1970
323,373,1970
325,335,1970
326,375,1970
330,329,1970
331,355,1970
332,346,1970
333,357,1970
334,366,1970
341,344,1970
342,344,1970
343,308,1970
344,347,1970
345,385,1970
350,308,1970
355,347,1970
360,338,1970
361,354,1970
362,384,1970
363,254,1970
364,319,1970
370,313,1970
371,313,1970
372,313,1970
374,364,1970
375,386,1970
376,313,1970
381,365,1970
382,387,1970
383,357,1970
384,349,1970
385,348,1970
390,318,1970
391,315,1970
392,368,1970
394,389,1970
395,389,1970
396,389,1970
401,668,1970
402,687,1970
403,549,1970
404,643,1970
405,679,1970
410,563,1970
411,563,1970
412,594,1970
413,657,1970
415,567,1970
416,567,1970
420,563,1970
421,588,1970
422,736,1970
423,734,1970
424,848,1970
425,185,1970
426,678,1970
430,575,1970
431,575,1970
433,577,1970
434,734,1970
435,649,1970
436,844,1970
440,599,1970
441,628,1970
442,713,1970
443,658,1970
444,669,1970
445,589,1970
446,724,1970
450,496,1970
452,799,1970
453,535,1970
454,703,1970
455,824,1970
456,824,1970
461,637,1970
462,637,1970
470,534,1970
471,508,1970
472,514,1970
473,505,1970
474,505,1970
475,525,1970
480,516,1970
481,516,1970
482,526,1970
483,519,1970
484,533,1970
485,523,1970
486,549,1970
491,544,1970
492,549,1970
495,549,1970
501,769,1970
502,544,1970
503,719,1970
504,719,1970
505,467,1970
506,677,1970
510,579,1970
511,579,1970
512,583,1970
514,645,1970
515,734,1970
516,535,1970
520,584,1970
521,584,1970
522,585,1970
523,585,1970
525,695,1970
530,734,1970
531,734,1970
533,707,1970
534,595,1970
535,653,1970
536,653,1970
540,653,1970
542,669,1970
543,789,1970
545,696,1970
546,675,1970
550,597,1970
551,666,1970
552,527,1970
554,527,1970
560,563,1970
561,634,1970
562,634,1970
563,668,1970
571,549,1970
572,549,1970
575,549,1970
580,905,1970
586,549,1970
601,593,1970
602,785,1970
603,615,1970
604,754,1970
605,866,1970
610,799,1970
611,408,1970
612,769,1970
613,666,1970
614,598,1970
615,573,1970
620,756,1970
621,709,1970
622,766,1970
623,885,1970
624,799,1970
625,799,1970
626,724,1970
630,408,1970
631,686,1970
633,686,1970
634,888,1970
635,723,1970
636,669,1970
640,616,1970
641,756,1970
642,519,1970
643,754,1970
644,779,1970
645,774,1970
650,708,1970
651,709,1970
652,703,1970
653,703,1970
656,706,1970
660,779,1970
661,829,1970
662,727,1970
663,744,1970
664,745,1970
665,783,1970
666,766,1970
670,749,1970
671,739,1970
672,738,1970
673,739,1970
674,749,1970
680,783,1970
681,738,1970
690,779,1970
692,779,1970
694,779,1970
695,779,1970
696,779,1970
701,829,1970
703,808,1970
704,823,1970
705,804,1970
706,804,1970
710,824,1970
711,813,1970
712,825,1970
713,825,1970
714,809,1970
715,804,1970
726,859,1970
740,472,1970
750,869,1970
751,869,1970
752,498,1970
753,889,1970
754,875,1970
755,451,1970
760,859,1970
761,496,1970
762,889,1970
763,804,1970
764,887,1970
770,889,1970
780,889,1970
785,889,1970
796,889,1970
801,473,1970
802,475,1970
806,475,1970
821,475,1970
822,479,1970
823,479,1970
824,479,1970
846,479,1970
901,405,1970
902,405,1970
903,453,1970
910,434,1970
911,444,1970
912,436,1970
913,444,1970
914,444,1970
915,435,1970
916,444,1970
921,445,1970
922,447,1970
923,95,1970
924,89,1970
925,447,1970
926,207,1970
931,471,1970
932,459,1970
933,469,1970
934,464,1970
935,457,1970
940,405,1970
941,405,1970
942,468,1970
943,469,1970
944,458,1970
945,469,1970
950,405,1970
952,468,1970
953,462,1970
954,177,1970
960,425,1970
961,417,1970
962,426,1970
963,423,1970
964,418,1970
965,423,1970
976,469,1970
980,468,1970
981,436,1970
982,405,1970
983,408,1970
984,405,1970
986,469,1970
991,991,1970
3,4,1980
4,4,1980
5,22,1980
6,418,1980
7,7,1980
8,8,1980
9,33,1980
13,13,1980
14,14,1980
15,15,1980
16,18,1980
17,22,1980
18,19,1980
19,22,1980
23,23,1980
24,24,1980
25,25,1980
26,26,1980
27,27,1980
28,28,1980
29,29,1980
33,33,1980
34,34,1980
35,35,1980
36,36,1980
37,37,1980
43,43,1980
44,44,1980
45,45,1980
46,47,1980
47,47,1980
48,48,1980
49,59,1980
53,53,1980
54,59,1980
55,55,1980
56,56,1980
57,57,1980
58,59,1980
59,59,1980
63,218,1980
64,64,1980
65,65,1980
66,66,1980
67,68,1980
68,68,1980
69,69,1980
73,73,1980
74,74,1980
75,75,1980
76,76,1980
77,77,1980
78,78,1980
79,79,1980
83,83,1980
84,84,1980
85,85,1980
86,86,1980
87,87,1980
88,88,1980
89,89,1980
95,95,1980
96,96,1980
97,97,1980
98,98,1980
99,99,1980
103,103,1980
104,104,1980
105,105,1980
106,106,1980
113,154,1980
114,154,1980
115,154,1980
116,154,1980
117,154,1980
118,154,1980
119,154,1980
123,154,1980
124,154,1980
125,154,1980
126,154,1980
127,154,1980
128,154,1980
129,154,1980
133,154,1980
134,154,1980
135,154,1980
136,154,1980
137,154,1980
138,154,1980
139,154,1980
143,154,1980
144,154,1980
145,154,1980
146,154,1980
147,154,1980
148,154,1980
149,154,1980
153,154,1980
154,154,1980
155,155,1980
156,156,1980
157,157,1980
158,158,1980
159,159,1980
163,163,1980
164,164,1980
165,165,1980
166,166,1980
167,167,1980
168,169,1980
169,169,1980
173,173,1980
174,174,1980
175,466,1980
176,176,1980
177,176,1980
178,178,1980
179,178,1980
183,183,1980
184,184,1980
185,185,1980
186,186,1980
187,187,1980
188,188,1980
189,189,1980
193,193,1980
194,194,1980
195,195,1980
197,13,1980
198,198,1980
199,199,1980
203,203,1980
204,204,1980
205,205,1980
206,206,1980
207,207,1980
208,208,1980
213,214,1980
214,214,1980
215,214,1980
216,214,1980
217,217,1980
218,218,1980
223,223,1980
224,224,1980
225,225,1980
226,226,1980
227,227,1980
228,228,1980
229,229,1980
233,233,1980
234,234,1980
235,235,1980
243,243,1980
253,253,1980
254,254,1980
255,255,1980
256,256,1980
257,274,1980
258,258,1980
259,274,1980
263,275,1980
264,275,1980
265,275,1980
266,275,1980
267,275,1980
268,275,1980
269,275,1980
274,275,1980
275,275,1980
276,276,1980
277,277,1980
278,277,1980
283,283,1980
284,274,1980
285,274,1980
303,303,1980
304,308,1980
305,303,1980
306,348,1980
307,364,1980
308,308,1980
309,308,1980
313,313,1980
314,313,1980
315,315,1980
316,316,1980
317,317,1980
318,318,1980
319,319,1980
323,319,1980
325,336,1980
326,326,1980
327,326,1980
328,328,1980
329,329,1980
335,335,1980
336,336,1980
337,337,1980
338,338,1980
339,344,1980
343,344,1980
344,344,1980
345,347,1980
346,346,1980
347,347,1980
348,348,1980
349,349,1980
353,349,1980
354,354,1980
355,355,1980
356,356,1980
357,357,1980
359,359,1980
363,373,1980
364,364,1980
365,365,1980
366,366,1980
368,368,1980
369,389,1980
373,373,1980
374,389,1980
375,375,1980
376,376,1980
377,377,1980
378,378,1980
379,379,1980
383,383,1980
384,384,1980
385,385,1980
386,386,1980
387,387,1980
389,389,1980
403,408,1980
404,436,1980
405,405,1980
406,468,1980
407,405,1980
413,417,1980
414,418,1980
415,415,1980
416,417,1980
417,417,1980
418,418,1980
423,423,1980
424,423,1980
425,425,1980
426,426,1980
427,427,1980
433,433,1980
434,434,1980
435,435,1980
436,436,1980
437,436,1980
438,444,1980
439,439,1980
443,444,1980
444,444,1980
445,445,1980
446,447,1980
447,447,1980
448,448,1980
449,405,1980
453,453,1980
454,469,1980
455,455,1980
456,470,1980
457,457,1980
458,458,1980
459,459,1980
463,461,1980
464,462,1980
465,471,1980
466,464,1980
467,177,1980
468,468,1980
469,469,1980
473,473,1980
474,473,1980
475,475,1980
476,475,1980
477,479,1980
479,479,1980
483,498,1980
484,479,1980
485,450,1980
486,451,1980
487,472,1980
488,488,1980
489,489,1980
494,496,1980
495,496,1980
496,496,1980
497,829,1980
498,498,1980
499,498,1980
503,503,1980
505,505,1980
506,505,1980
507,507,1980
508,508,1980
509,509,1980
514,514,1980
515,508,1980
516,516,1980
517,516,1980
518,518,1980
519,519,1980
523,523,1980
525,525,1980
526,526,1980
527,527,1980
529,527,1980
533,533,1980
534,534,1980
535,535,1980
536,536,1980
538,533,1980
539,539,1980
543,543,1980
544,544,1980
547,549,1980
549,549,1980
553,558,1980
554,558,1980
555,558,1980
556,558,1980
557,558,1980
558,558,1980
563,563,1980
564,563,1980
565,563,1980
566,563,1980
567,567,1980
569,567,1980
573,573,1980
575,575,1980
576,575,1980
577,577,1980
579,579,1980
583,583,1980
584,584,1980
585,585,1980
587,585,1980
588,588,1980
589,589,1980
593,593,1980
594,594,1980
595,595,1980
596,599,1980
597,597,1980
598,598,1980
599,599,1980
613,628,1980
614,614,1980
615,615,1980
616,616,1980
617,617,1980
633,628,1980
634,634,1980
635,634,1980
636,785,1980
637,637,1980
639,637,1980
643,643,1980
644,644,1980
645,645,1980
646,653,1980
647,535,1980
649,649,1980
653,653,1980
654,653,1980
655,634,1980
656,645,1980
657,657,1980
658,658,1980
659,658,1980
666,666,1980
667,666,1980
668,668,1980
669,669,1980
673,779,1980
674,669,1980
675,675,1980
676,645,1980
677,677,1980
678,678,1980
679,679,1980
683,785,1980
684,684,1980
686,686,1980
687,687,1980
688,688,1980
689,799,1980
693,779,1980
694,694,1980
695,695,1980
696,696,1980
699,699,1980
703,703,1980
704,703,1980
705,703,1980
706,706,1980
707,707,1980
708,708,1980
709,709,1980
713,713,1980
714,779,1980
715,779,1980
717,779,1980
719,719,1980
723,723,1980
724,724,1980
725,779,1980
726,733,1980
727,727,1980
728,729,1980
729,729,1980
733,733,1980
734,734,1980
735,734,1980
736,736,1980
737,734,1980
738,738,1980
739,739,1980
743,743,1980
744,744,1980
745,745,1980
747,747,1980
748,408,1980
749,749,1980
753,753,1980
754,754,1980
755,755,1980
756,756,1980
757,757,1980
758,755,1980
759,779,1980
763,763,1980
764,764,1980
765,765,1980
766,766,1980
768,769,1980
769,769,1980
773,467,1980
774,774,1980
777,779,1980
779,779,1980
783,783,1980
784,783,1980
785,785,1980
786,675,1980
787,675,1980
789,789,1980
793,675,1980
794,675,1980
795,675,1980
796,799,1980
797,799,1980
798,779,1980
799,799,1980
803,803,1980
804,804,1980
805,804,1980
806,804,1980
808,808,1980
809,809,1980
813,813,1980
814,809,1980
823,823,1980
824,824,1980
825,825,1980
826,824,1980
828,829,1980
829,829,1980
833,829,1980
834,834,1980
843,859,1980
844,844,1980
845,848,1980
848,848,1980
849,848,1980
853,853,1980
855,594,1980
856,804,1980
859,859,1980
863,628,1980
864,549,1980
865,865,1980
866,866,1980
867,218,1980
869,869,1980
873,873,1980
874,873,1980
875,875,1980
876,859,1980
877,889,1980
878,878,1980
883,889,1980
885,885,1980
887,887,1980
888,888,1980
889,889,1980
3,4,1990
4,4,1990
5,22,1990
6,418,1990
7,7,1990
8,8,1990
9,33,1990
13,13,1990
14,14,1990
15,15,1990
16,22,1990
17,22,1990
18,18,1990
19,19,1990
21,22,1990
22,22,1990
23,23,1990
24,24,1990
25,25,1990
26,26,1990
27,27,1990
28,28,1990
29,29,1990
33,33,1990
34,34,1990
35,35,1990
36,36,1990
37,37,1990
43,43,1990
44,44,1990
45,45,1990
46,47,1990
47,47,1990
48,48,1990
49,59,1990
53,53,1990
54,59,1990
55,55,1990
56,56,1990
57,57,1990
58,59,1990
59,59,1990
63,218,1990
64,64,1990
65,65,1990
66,66,1990
67,68,1990
68,68,1990
69,69,1990
73,73,1990
74,74,1990
75,75,1990
76,76,1990
77,77,1990
78,78,1990
79,79,1990
83,83,1990
84,84,1990
85,85,1990
86,86,1990
87,87,1990
88,88,1990
89,89,1990
95,95,1990
96,96,1990
97,97,1990
98,98,1990
99,99,1990
103,103,1990
104,104,1990
105,105,1990
106,106,1990
113,154,1990
114,154,1990
115,154,1990
116,154,1990
117,154,1990
118,154,1990
119,154,1990
123,154,1990
124,154,1990
125,154,1990
126,154,1990
127,154,1990
128,154,1990
129,154,1990
133,154,1990
134,154,1990
135,154,1990
136,154,1990
137,154,1990
138,154,1990
139,154,1990
143,154,1990
144,154,1990
145,154,1990
146,154,1990
147,154,1990
148,154,1990
149,154,1990
153,154,1990
154,154,1990
155,155,1990
156,156,1990
157,157,1990
158,158,1990
159,159,1990
163,163,1990
164,164,1990
165,165,1990
166,166,1990
167,167,1990
168,169,1990
169,169,1990
173,173,1990
174,174,1990
175,466,1990
176,176,1990
177,176,1990
178,178,1990
179,178,1990
183,183,1990
184,184,1990
185,185,1990
186,186,1990
187,187,1990
188,188,1990
189,189,1990
193,193,1990
194,194,1990
195,195,1990
197,13,1990
198,198,1990
199,199,1990
203,203,1990
204,204,1990
205,205,1990
206,206,1990
207,207,1990
208,208,1990
213,214,1990
214,214,1990
215,214,1990
216,214,1990
217,217,1990
218,218,1990
223,223,1990
224,224,1990
225,225,1990
226,226,1990
227,227,1990
228,228,1990
229,229,1990
233,233,1990
234,234,1990
235,235,1990
243,243,1990
253,253,1990
254,254,1990
255,255,1990
256,256,1990
257,274,1990
258,258,1990
259,274,1990
263,275,1990
264,275,1990
265,275,1990
266,275,1990
267,275,1990
268,275,1990
269,275,1990
274,275,1990
275,275,1990
276,276,1990
277,277,1990
278,277,1990
283,283,1990
284,274,1990
285,274,1990
303,303,1990
304,308,1990
305,303,1990
306,348,1990
307,364,1990
308,308,1990
309,308,1990
313,313,1990
314,313,1990
315,315,1990
316,316,1990
317,317,1990
318,318,1990
319,319,1990
323,319,1990
325,336,1990
326,326,1990
327,326,1990
328,328,1990
329,329,1990
335,335,1990
336,336,1990
337,337,1990
338,338,1990
339,344,1990
343,344,1990
344,344,1990
345,347,1990
346,346,1990
347,347,1990
348,348,1990
353,349,1990
354,354,1990
355,355,1990
356,356,1990
357,357,1990
359,359,1990
363,373,1990
364,364,1990
365,365,1990
366,366,1990
368,368,1990
373,373,1990
374,389,1990
375,375,1990
376,376,1990
377,377,1990
378,378,1990
379,379,1990
383,383,1990
384,384,1990
385,385,1990
386,386,1990
387,387,1990
389,389,1990
403,408,1990
404,436,1990
405,405,1990
406,468,1990
407,405,1990
413,417,1990
414,418,1990
415,415,1990
416,417,1990
417,417,1990
418,418,1990
423,423,1990
424,423,1990
425,425,1990
426,426,1990
427,427,1990
433,433,1990
434,434,1990
435,435,1990
436,436,1990
438,444,1990
439,439,1990
443,444,1990
444,444,1990
445,445,1990
446,447,1990
447,447,1990
448,448,1990
449,405,1990
453,453,1990
454,469,1990
455,455,1990
456,470,1990
457,457,1990
458,458,1990
459,459,1990
461,461,1990
462,462,1990
463,471,1990
464,464,1990
465,177,1990
466,468,1990
467,387,1990
468,468,1990
469,469,1990
473,473,1990
474,473,1990
475,475,1990
476,475,1990
477,479,1990
479,479,1990
483,498,1990
484,479,1990
485,450,1990
486,451,1990
487,472,1990
488,488,1990
489,489,1990
494,496,1990
495,496,1990
496,496,1990
497,829,1990
498,498,1990
499,498,1990
503,503,1990
505,505,1990
506,505,1990
507,507,1990
508,508,1990
509,509,1990
514,514,1990
515,508,1990
516,516,1990
517,516,1990
518,518,1990
519,519,1990
523,523,1990
525,525,1990
526,526,1990
527,527,1990
529,527,1990
533,533,1990
534,534,1990
535,535,1990
536,536,1990
538,533,1990
539,539,1990
543,543,1990
544,544,1990
547,549,1990
549,549,1990
553,558,1990
554,558,1990
555,558,1990
556,558,1990
557,558,1990
558,558,1990
563,563,1990
564,563,1990
565,563,1990
566,563,1990
567,567,1990
569,567,1990
573,573,1990
575,575,1990
576,575,1990
577,577,1990
579,579,1990
583,583,1990
584,584,1990
585,585,1990
587,585,1990
588,588,1990
589,589,1990
593,593,1990
594,594,1990
595,595,1990
596,599,1990
597,597,1990
598,598,1990
599,599,1990
613,628,1990
614,614,1990
615,615,1990
616,616,1990
617,617,1990
628,628,1990
634,634,1990
635,634,1990
636,785,1990
637,637,1990
639,637,1990
643,643,1990
644,644,1990
645,645,1990
646,653,1990
647,535,1990
649,649,1990
653,653,1990
654,653,1990
655,634,1990
656,645,1990
657,657,1990
658,658,1990
659,658,1990
666,666,1990
667,666,1990
668,668,1990
669,669,1990
674,669,1990
675,675,1990
676,645,1990
677,677,1990
678,678,1990
679,679,1990
683,785,1990
684,684,1990
686,686,1990
687,687,1990
688,688,1990
689,799,1990
693,779,1990
694,694,1990
695,695,1990
696,696,1990
699,699,1990
703,703,1990
704,703,1990
705,703,1990
706,706,1990
707,707,1990
708,708,1990
709,709,1990
713,713,1990
714,779,1990
715,779,1990
717,779,1990
719,719,1990
723,723,1990
724,724,1990
725,779,1990
726,733,1990
727,727,1990
728,729,1990
729,729,1990
733,733,1990
734,734,1990
735,734,1990
736,736,1990
737,734,1990
738,738,1990
739,739,1990
743,743,1990
744,744,1990
745,745,1990
747,747,1990
748,408,1990
749,749,1990
753,753,1990
754,754,1990
755,755,1990
756,756,1990
757,757,1990
758,755,1990
759,779,1990
763,763,1990
764,764,1990
765,765,1990
766,766,1990
768,769,1990
769,769,1990
773,467,1990
774,774,1990
777,779,1990
779,779,1990
783,783,1990
784,783,1990
785,785,1990
786,675,1990
787,675,1990
789,789,1990
793,675,1990
795,675,1990
796,799,1990
797,799,1990
798,779,1990
799,799,1990
803,803,1990
804,804,1990
806,804,1990
808,808,1990
809,809,1990
813,813,1990
814,809,1990
823,823,1990
824,824,1990
825,825,1990
826,824,1990
828,829,1990
829,829,1990
833,829,1990
834,834,1990
843,859,1990
844,844,1990
845,848,1990
848,848,1990
849,848,1990
853,853,1990
855,594,1990
856,804,1990
859,859,1990
864,803,1990
865,865,1990
866,866,1990
867,218,1990
868,889,1990
869,869,1990
873,874,1990
874,873,1990
875,875,1990
876,859,1990
877,889,1990
878,878,1990
883,889,1990
885,885,1990
887,887,1990
888,888,1990
889,889,1990
360,447,2000
306,84,2000
231,156,2000
586,379,2000
330,203,2000
570,313,2000
313,95,2000
470,243,2000
532,329,2000
220,154,2000
562,365,2000
561,364,2000
780,687,2000
516,383,2000
191,223,2000
81,254,2000
472,276,2000
460,468,2000
896,779,2000
770,628,2000
365,447,2000
775,785,2000
742,527,2000
412,444,2000
772,785,2000
411,435,2000
285,183,2000
263,185,2000
35,15,2000
201,174,2000
22,22,2000
476,275,2000
875,535,2000
605,479,2000
623,567,2000
533,376,2000
331,204,2000
275,186,2000
524,376,2000
406,444,2000
582,315,2000
512,337,2000
11,22,2000
541,318,2000
422,453,2000
200,163,2000
23,14,2000
526,335,2000
403,439,2000
100,64,2000
803,637,2000
626,869,2000
880,754,2000
913,804,2000
1,4,2000
423,405,2000
192,224,2000
960,804,2000
101,229,2000
471,243,2000
210,178,2000
400,436,2000
964,888,2000
535,326,2000
374,417,2000
5,13,2000
820,723,2000
881,789,2000
380,423,2000
814,783,2000
825,736,2000
485,274,2000
260,188,2000
321,105,2000
795,706,2000
874,799,2000
810,719,2000
85,25,2000
62,27,2000
720,505,2000
885,753,2000
234,159,2000
196,235,2000
155,214,2000
962,889,2000
341,678,2000
31,22,2000
540,319,2000
401,433,2000
413,444,2000
182,167,2000
914,809,2000
232,157,2000
500,303,2000
552,359,2000
474,275,2000
624,563,2000
593,389,2000
392,426,2000
402,436,2000
581,385,2000
176,76,2000
972,875,2000
494,274,2000
12,7,2000
42,22,2000
961,887,2000
425,451,2000
832,744,2000
204,176,2000
822,684,2000
883,774,2000
464,468,2000
936,885,2000
480,256,2000
912,808,2000
701,525,2000
806,645,2000
282,13,2000
43,22,2000
580,308,2000
233,158,2000
865,756,2000
781,686,2000
462,466,2000
254,387,2000
424,455,2000
642,579,2000
110,64,2000
80,23,2000
492,254,2000
511,344,2000
563,368,2000
496,274,2000
14,22,2000
762,549,2000
415,444,2000
590,347,2000
633,573,2000
556,346,2000
560,373,2000
585,356,2000
395,427,2000
484,275,2000
443,459,2000
405,444,2000
442,462,2000
272,199,2000
461,447,2000
206,176,2000
230,155,2000
255,159,2000
284,184,2000
385,418,2000
710,523,2000
800,709,2000
721,507,2000
141,55,2000
286,194,2000
551,357,2000
404,434,2000
301,85,2000
34,22,2000
935,813,2000
635,575,2000
451,458,2000
153,59,2000
531,316,2000
353,208,2000
351,205,2000
73,37,2000
414,444,2000
315,99,2000
102,229,2000
450,457,2000
620,558,2000
350,207,2000
13,8,2000
830,408,2000
804,766,2000
895,873,2000
734,549,2000
281,195,2000
86,24,2000
30,22,2000
15,33,2000
501,348,2000
435,472,2000
130,43,2000
432,470,2000
160,77,2000
290,228,2000
2,22,2000
813,634,2000
676,599,2000
892,675,2000
785,769,2000
52,29,2000
871,769,2000
71,26,2000
653,597,2000
363,447,2000
16,373,2000
56,36,2000
280,198,2000
530,317,2000
555,355,2000
111,64,2000
622,563,2000
104,64,2000
700,503,2000
733,518,2000
394,425,2000
430,459,2000
94,25,2000
963,878,2000
91,25,2000
54,375,2000
202,177,2000
542,336,2000
215,234,2000
106,64,2000
761,865,2000
271,187,2000
824,734,2000
303,97,2000
702,527,2000
136,53,2000
244,329,2000
774,597,2000
181,166,2000
184,173,2000
41,18,2000
861,696,2000
53,33,2000
536,328,2000
651,595,2000
440,459,2000
864,757,2000
584,375,2000
122,65,2000
841,739,2000
592,386,2000
6,13,2000
644,585,2000
835,666,2000
731,534,2000
214,234,2000
876,678,2000
481,253,2000
243,164,2000
304,87,2000
146,57,2000
324,105,2000
172,73,2000
323,104,2000
70,65,2000
502,348,2000
165,83,2000
842,738,2000
186,169,2000
482,255,2000
831,747,2000
672,593,2000
20,475,2000
862,694,2000
354,208,2000
332,206,2000
352,677,2000
554,354,2000
855,733,2000
833,669,2000
364,445,2000
161,78,2000
773,785,2000
340,208,2000
316,103,2000
495,277,2000
32,19,2000
174,75,2000
823,679,2000
465,469,2000
291,189,2000
510,378,2000
95,25,2000
205,176,2000
525,377,2000
503,349,2000
836,743,2000
683,615,2000
714,508,2000
140,55,2000
274,193,2000
10,22,2000
120,66,2000
850,657,2000
550,364,2000
514,338,2000
886,764,2000
475,275,2000
276,194,2000
711,533,2000
143,56,2000
371,418,2000
625,588,2000
283,195,2000
975,859,2000
82,25,2000
743,535,2000
751,549,2000
373,415,2000
900,803,2000
372,417,2000
421,450,2000
792,755,2000
322,98,2000
815,724,2000
72,22,2000
292,195,2000
826,736,2000
490,283,2000
801,703,2000
715,514,2000
311,106,2000
170,69,2000
305,96,2000
666,35,2000
713,575,2000
646,584,2000
454,461,2000
124,68,2000
483,318,2000
156,218,2000
652,653,2000
142,59,2000
726,516,2000
636,589,2000
640,593,2000
796,708,2000
784,688,2000
154,217,2000
523,316,2000
452,458,2000
240,165,2000
453,464,2000
732,526,2000
952,853,2000
670,543,2000
846,749,2000
382,418,2000
180,166,2000
83,25,2000
3,4,2000
312,88,2000
845,668,2000
420,448,2000
621,643,2000
821,644,2000
632,844,2000
270,187,2000
893,765,2000
704,577,2000
320,105,2000
93,23,2000
493,258,2000
145,45,2000
926,824,2000
671,599,2000
60,22,2000
712,523,2000
736,544,2000
455,471,2000
534,316,2000
610,498,2000
520,336,2000
522,389,2000
211,178,2000
362,447,2000
21,473,2000
446,469,2000
36,22,2000
370,423,2000
872,755,2000
601,489,2000
951,848,2000
171,74,2000
515,365,2000
716,514,2000
682,598,2000
612,496,2000
553,366,2000
891,649,2000
84,25,2000
390,427,2000
131,218,2000
135,48,2000
144,59,2000
375,417,2000
300,89,2000
790,233,2000
132,44,2000
931,829,2000
190,223,2000
361,447,2000
434,472,2000
722,516,2000
613,496,2000
816,653,2000
660,866,2000
730,539,2000
325,86,2000
794,707,2000
164,79,2000
903,226,2000
915,809,2000
4,13,2000
863,699,2000
930,829,2000
853,727,2000
673,869,2000
851,658,2000
741,577,2000
956,848,2000
860,695,2000
50,34,2000
674,889,2000
675,599,2000
384,418,2000
391,426,2000
754,536,2000
591,384,2000
924,823,2000
735,519,2000
904,227,2000
441,467,2000
314,104,2000
920,824,2000
724,509,2000
583,389,2000
643,583,2000
854,729,2000
600,496,2000
756,549,2000
151,59,2000
933,829,2000
326,89,2000
694,617,2000
941,471,2000
33,22,2000
703,533,2000
684,616,2000
793,713,2000
90,36,2000
40,22,2000
942,834,2000
783,763,2000
513,276,2000
873,766,2000
51,28,2000
923,825,2000
193,225,2000
680,614,2000
630,594,2000
965,859,2000
834,745,2000
152,47,2000
840,743,2000
604,488,2000
771,785,2000
755,549,2000
894,779,2000
0,999,2010
10,4,2010
20,22,2010
40,13,2010
50,13,2010
60,13,2010
100,22,2010
110,22,2010
120,7,2010
135,8,2010
136,8,2010
137,8,2010
140,22,2010
150,33,2010
160,373,2010
205,473,2010
220,22,2010
230,14,2010
300,22,2010
310,22,2010
330,22,2010
340,22,2010
350,15,2010
360,22,2010
410,18,2010
420,22,2010
425,37,2010
430,22,2010
500,34,2010
510,28,2010
520,29,2010
530,33,2010
540,375,2010
565,36,2010
600,22,2010
630,27,2010
640,27,2010
650,27,2010
700,65,2010
710,26,2010
725,22,2010
726,274,2010
735,166,2010
740,37,2010
800,23,2010
810,254,2010
820,25,2010
830,25,2010
840,25,2010
850,25,2010
860,24,2010
900,36,2010
910,25,2010
930,23,2010
940,25,2010
950,25,2010
1005,64,2010
1006,64,2010
1007,64,2010
1010,229,2010
1020,229,2010
1030,64,2010
1050,64,2010
1060,64,2010
1105,64,2010
1106,64,2010
1107,64,2010
1200,66,2010
1220,65,2010
1240,68,2010
1300,43,2010
1310,218,2010
1320,44,2010
1340,59,2010
1350,48,2010
1360,53,2010
1400,55,2010
1410,55,2010
1420,59,2010
1430,56,2010
1440,59,2010
1450,45,2010
1460,57,2010
1520,47,2010
1530,59,2010
1540,217,2010
1550,214,2010
1560,218,2010
1600,77,2010
1610,78,2010
1640,79,2010
1650,83,2010
1700,69,2010
1710,74,2010
1720,73,2010
1740,75,2010
1760,76,2010
1800,166,2010
1820,167,2010
1840,173,2010
1860,169,2010
1900,223,2010
1910,223,2010
1920,224,2010
1930,225,2010
1965,235,2010
2000,163,2010
2010,174,2010
2015,177,2010
2016,177,2010
2025,177,2010
2040,176,2010
2050,176,2010
2060,176,2010
2100,178,2010
2105,178,2010
2145,234,2010
2160,234,2010
2200,154,2010
2300,155,2010
2310,156,2010
2320,157,2010
2330,158,2010
2340,159,2010
2400,165,2010
2430,164,2010
2440,329,2010
2540,387,2010
2550,159,2010
2600,188,2010
2630,185,2010
2700,187,2010
2710,187,2010
2720,199,2010
2740,193,2010
2750,186,2010
2760,194,2010
2800,198,2010
2810,195,2010
2825,13,2010
2830,195,2010
2840,184,2010
2850,183,2010
2860,194,2010
2900,228,2010
2910,189,2010
2920,195,2010
3000,89,2010
3010,85,2010
3030,97,2010
3040,87,2010
3050,96,2010
3060,84,2010
3110,106,2010
3120,88,2010
3140,104,2010
3150,99,2010
3160,103,2010
3200,105,2010
3210,105,2010
3220,98,2010
3230,104,2010
3245,105,2010
3250,86,2010
3255,95,2010
3256,95,2010
3258,95,2010
3260,89,2010
3300,203,2010
3310,204,2010
3320,206,2010
3400,208,2010
3420,678,2010
3500,207,2010
3510,205,2010
3520,677,2010
3535,208,2010
3540,208,2010
3600,447,2010
3610,447,2010
3620,447,2010
3630,447,2010
3640,445,2010
3645,447,2010
3646,447,2010
3647,447,2010
3648,447,2010
3649,447,2010
3655,447,2010
3700,423,2010
3710,418,2010
3720,417,2010
3730,415,2010
3740,417,2010
3750,417,2010
3800,423,2010
3820,418,2010
3840,427,2010
3850,418,2010
3900,427,2010
3910,426,2010
3930,426,2010
3940,425,2010
3945,36,2010
3955,427,2010
4000,436,2010
4010,433,2010
4020,436,2010
4030,439,2010
4040,434,2010
4050,444,2010
4060,444,2010
4110,435,2010
4120,444,2010
4130,444,2010
4140,444,2010
4150,444,2010
4200,448,2010
4210,450,2010
4220,453,2010
4230,405,2010
4240,455,2010
4250,451,2010
4300,459,2010
4320,470,2010
4340,472,2010
4350,472,2010
4400,459,2010
4410,467,2010
4420,462,2010
4430,459,2010
4460,469,2010
4465,19,2010
4500,457,2010
4510,458,2010
4520,458,2010
4530,464,2010
4540,461,2010
4600,468,2010
4610,447,2010
4620,466,2010
4640,468,2010
4650,469,2010
4700,243,2010
4710,243,2010
4720,276,2010
4740,275,2010
4750,275,2010
4760,275,2010
4800,256,2010
4810,253,2010
4820,255,2010
4830,318,2010
4840,275,2010
4850,274,2010
4900,283,2010
4920,254,2010
4930,258,2010
4940,274,2010
4950,277,2010
4965,274,2010
5000,303,2010
5010,348,2010
5020,348,2010
5030,349,2010
5100,378,2010
5110,344,2010
5120,337,2010
5130,276,2010
5140,338,2010
5150,365,2010
5160,383,2010
5165,383,2010
5200,336,2010
5220,389,2010
5230,316,2010
5240,376,2010
5250,377,2010
5260,335,2010
5300,317,2010
5310,316,2010
5320,329,2010
5330,376,2010
5340,316,2010
5350,326,2010
5360,328,2010
5400,319,2010
5410,318,2010
5420,336,2010
5500,364,2010
5510,357,2010
5520,359,2010
5530,366,2010
5540,354,2010
5550,355,2010
5560,346,2010
5600,373,2010
5610,364,2010
5620,365,2010
5630,368,2010
5700,313,2010
5800,308,2010
5810,385,2010
5820,315,2010
5840,375,2010
5850,356,2010
5860,379,2010
5900,347,2010
5910,384,2010
5920,386,2010
5940,389,2010
6005,496,2010
6010,489,2010
6040,488,2010
6050,479,2010
6100,498,2010
6120,496,2010
6130,496,2010
6200,558,2010
6210,643,2010
6220,563,2010
6230,567,2010
6240,563,2010
6250,588,2010
6260,869,2010
6300,594,2010
6320,844,2010
6330,573,2010
6355,575,2010
6360,589,2010
6400,593,2010
6420,579,2010
6430,583,2010
6440,585,2010
6460,584,2010
6500,597,2010
6515,595,2010
6520,653,2010
6530,597,2010
6600,866,2010
6660,35,2010
6700,543,2010
6710,599,2010
6720,593,2010
6730,869,2010
6740,889,2010
6765,599,2010
6800,614,2010
6820,598,2010
6830,615,2010
6840,616,2010
6940,617,2010
7000,503,2010
7010,525,2010
7020,527,2010
7030,533,2010
7040,577,2010
7100,523,2010
7110,533,2010
7120,523,2010
7130,575,2010
7140,508,2010
7150,514,2010
7160,514,2010
7200,505,2010
7210,507,2010
7220,516,2010
7240,509,2010
7260,516,2010
7300,539,2010
7315,534,2010
7320,526,2010
7330,518,2010
7340,549,2010
7350,519,2010
7360,544,2010
7410,577,2010
7420,527,2010
7430,535,2010
7510,549,2010
7540,536,2010
7550,549,2010
7560,549,2010
7610,865,2010
7630,549,2010
7700,628,2010
7710,785,2010
7720,785,2010
7730,785,2010
7740,597,2010
7750,785,2010
7800,687,2010
7810,686,2010
7830,763,2010
7840,688,2010
7850,769,2010
7855,779,2010
7900,233,2010
7920,755,2010
7930,713,2010
7940,707,2010
7950,706,2010
7960,708,2010
8000,709,2010
8010,703,2010
8030,637,2010
8040,766,2010
8060,645,2010
8100,719,2010
8130,634,2010
8140,783,2010
8150,724,2010
8200,723,2010
8210,644,2010
8220,684,2010
8250,736,2010
8255,736,2010
8256,679,2010
8300,408,2010
8310,747,2010
8320,744,2010
8330,669,2010
8340,745,2010
8350,666,2010
8400,743,2010
8410,739,2010
8420,738,2010
8450,668,2010
8460,749,2010
8500,657,2010
8510,658,2010
8530,727,2010
8540,729,2010
8550,733,2010
8600,695,2010
8610,696,2010
8620,694,2010
8630,699,2010
8640,757,2010
8650,756,2010
8710,769,2010
8720,755,2010
8730,766,2010
8740,799,2010
8750,535,2010
8760,678,2010
8800,754,2010
8810,789,2010
8830,774,2010
8850,753,2010
8860,764,2010
8910,649,2010
8920,675,2010
8930,765,2010
8940,779,2010
8950,873,2010
8965,779,2010
9000,803,2010
9030,226,2010
9040,227,2010
9050,471,2010
9110,809,2010
9120,808,2010
9130,804,2010
9140,809,2010
9150,809,2010
9200,824,2010
9230,825,2010
9240,823,2010
9260,824,2010
9300,829,2010
9310,829,2010
9350,813,2010
9360,885,2010
9410,471,2010
9415,471,2010
9420,834,2010
9510,848,2010
9520,853,2010
9560,848,2010
9600,804,2010
9610,887,2010
9620,889,2010
9630,878,2010
9640,888,2010
9650,859,2010
9720,875,2010
9750,859,2010
9920,991,2010
